Timestamp,Game_Number,Turn_Number,FEN,Error_Message
2026-02-20 18:16:49,1,1,rnbqkbnr/pppppppp/8/8/8/1P6/P1PPPPPP/RNBQKBNR b KQkq - 0 1,illegal uci: 'e2e4' in rnbqkbnr/pppppppp/8/8/8/1P6/P1PPPPPP/RNBQKBNR b KQkq - 0 1
2026-02-20 18:17:00,2,1,rnbqkbnr/pppppppp/8/8/8/5N2/PPPPPPPP/RNBQKB1R b KQkq - 1 1,illegal uci: 'e2e4' in rnbqkbnr/pppppppp/8/8/8/5N2/PPPPPPPP/RNBQKB1R b KQkq - 1 1
2026-02-21 16:53:50,1,1,rnbqkbnr/pppppppp/8/8/8/P7/1PPPPPPP/RNBQKBNR b KQkq - 0 1,illegal uci: 'e2e4' in rnbqkbnr/pppppppp/8/8/8/P7/1PPPPPPP/RNBQKBNR b KQkq - 0 1
2026-02-21 16:54:02,2,2,rnbqkbnr/ppp1pppp/8/3p4/8/2N1P3/PPPP1PPP/R1BQKBNR b KQkq - 1 2,illegal uci: 'e2e4' in rnbqkbnr/ppp1pppp/8/3p4/8/2N1P3/PPPP1PPP/R1BQKBNR b KQkq - 1 2
2026-02-21 16:54:13,3,2,rnbqkbnr/ppp1pppp/8/3p4/8/5NP1/PPPPPP1P/RNBQKB1R b KQkq - 0 2,illegal uci: 'e2e4' in rnbqkbnr/ppp1pppp/8/3p4/8/5NP1/PPPPPP1P/RNBQKB1R b KQkq - 0 2
2026-02-21 16:54:25,4,2,rnbqkbnr/ppp1pppp/8/3p4/6P1/7N/PPPPPP1P/RNBQKB1R b KQkq - 0 2,illegal uci: 'e2e4' in rnbqkbnr/ppp1pppp/8/3p4/6P1/7N/PPPPPP1P/RNBQKB1R b KQkq - 0 2
2026-02-21 16:54:36,5,2,rnbqkbnr/ppp1pppp/8/3p4/6P1/P7/1PPPPP1P/RNBQKBNR b KQkq - 0 2,illegal uci: 'e2e4' in rnbqkbnr/ppp1pppp/8/3p4/6P1/P7/1PPPPP1P/RNBQKBNR b KQkq - 0 2
2026-02-21 16:54:47,6,2,rnbqkbnr/ppp1pppp/8/3p4/5P2/3P4/PPP1P1PP/RNBQKBNR b KQkq - 0 2,illegal uci: 'e2e4' in rnbqkbnr/ppp1pppp/8/3p4/5P2/3P4/PPP1P1PP/RNBQKBNR b KQkq - 0 2
2026-02-21 16:54:57,7,2,rnbqkbnr/ppp1pppp/8/3p4/8/5PP1/PPPPP2P/RNBQKBNR b KQkq - 0 2,illegal uci: 'e2e4' in rnbqkbnr/ppp1pppp/8/3p4/8/5PP1/PPPPP2P/RNBQKBNR b KQkq - 0 2
2026-02-21 16:55:08,8,2,rnbqkbnr/ppp1pppp/8/3p4/4P3/5P2/PPPP2PP/RNBQKBNR b KQkq - 0 2,illegal uci: 'e2e4' in rnbqkbnr/ppp1pppp/8/3p4/4P3/5P2/PPPP2PP/RNBQKBNR b KQkq - 0 2
2026-02-21 16:55:19,9,2,rnbqkbnr/ppp1pppp/8/3p4/2P5/6P1/PP1PPP1P/RNBQKBNR b KQkq - 0 2,illegal uci: 'e2e4' in rnbqkbnr/ppp1pppp/8/3p4/2P5/6P1/PP1PPP1P/RNBQKBNR b KQkq - 0 2
2026-02-21 16:55:29,10,2,rnbqkbnr/ppp1pppp/8/3p4/2P3P1/8/PP1PPP1P/RNBQKBNR b KQkq - 0 2,illegal uci: 'e2e4' in rnbqkbnr/ppp1pppp/8/3p4/2P3P1/8/PP1PPP1P/RNBQKBNR b KQkq - 0 2
2026-02-21 16:55:40,11,2,rnbqkbnr/ppp1pppp/8/3p4/8/N6P/PPPPPPP1/R1BQKBNR b KQkq - 0 2,illegal uci: 'e2e4' in rnbqkbnr/ppp1pppp/8/3p4/8/N6P/PPPPPPP1/R1BQKBNR b KQkq - 0 2
2026-02-21 16:55:51,12,2,rnbqkbnr/ppp1pppp/8/3p4/3P4/1P6/P1P1PPPP/RNBQKBNR b KQkq - 0 2,illegal uci: 'e2e4' in rnbqkbnr/ppp1pppp/8/3p4/3P4/1P6/P1P1PPPP/RNBQKBNR b KQkq - 0 2
2026-02-21 16:56:02,13,2,rnbqkbnr/ppp1pppp/8/3p4/3P4/P7/1PP1PPPP/RNBQKBNR b KQkq - 0 2,illegal uci: 'e2e4' in rnbqkbnr/ppp1pppp/8/3p4/3P4/P7/1PP1PPPP/RNBQKBNR b KQkq - 0 2
2026-02-21 16:56:13,14,2,rnbqkbnr/ppp1pppp/8/3p4/8/2N2N2/PPPPPPPP/R1BQKB1R b KQkq - 1 2,illegal uci: 'e2e4' in rnbqkbnr/ppp1pppp/8/3p4/8/2N2N2/PPPPPPPP/R1BQKB1R b KQkq - 1 2
2026-02-21 16:56:24,15,2,rnbqkbnr/ppp1pppp/8/3p4/2P5/3P4/PP2PPPP/RNBQKBNR b KQkq - 0 2,illegal uci: 'e2e4' in rnbqkbnr/ppp1pppp/8/3p4/2P5/3P4/PP2PPPP/RNBQKBNR b KQkq - 0 2
2026-02-21 16:56:35,16,2,rnbqkbnr/ppp1pppp/8/3p4/5P2/8/PPPPPKPP/RNBQ1BNR b kq - 1 2,illegal uci: 'e2e4' in rnbqkbnr/ppp1pppp/8/3p4/5P2/8/PPPPPKPP/RNBQ1BNR b kq - 1 2
2026-02-21 16:56:46,17,2,rnbqkbnr/ppp1pppp/8/3p4/7P/1P6/P1PPPPP1/RNBQKBNR b KQkq - 0 2,illegal uci: 'e2e4' in rnbqkbnr/ppp1pppp/8/3p4/7P/1P6/P1PPPPP1/RNBQKBNR b KQkq - 0 2
2026-02-21 16:56:57,18,2,rnbqkbnr/ppp1pppp/8/3p4/1P4P1/8/P1PPPP1P/RNBQKBNR b KQkq - 0 2,illegal uci: 'e2e4' in rnbqkbnr/ppp1pppp/8/3p4/1P4P1/8/P1PPPP1P/RNBQKBNR b KQkq - 0 2
2026-02-21 16:57:08,19,2,rnbqkbnr/ppp1pppp/8/3p4/4P3/6P1/PPPP1P1P/RNBQKBNR b KQkq - 0 2,illegal uci: 'e2e4' in rnbqkbnr/ppp1pppp/8/3p4/4P3/6P1/PPPP1P1P/RNBQKBNR b KQkq - 0 2
2026-02-21 16:57:19,20,2,rnbqkbnr/ppp1pppp/8/3p4/6P1/5N2/PPPPPP1P/RNBQKB1R b KQkq - 1 2,illegal uci: 'e2e4' in rnbqkbnr/ppp1pppp/8/3p4/6P1/5N2/PPPPPP1P/RNBQKB1R b KQkq - 1 2
2026-02-21 16:57:30,21,2,rnbqkbnr/ppp1pppp/8/3p4/8/2N4P/PPPPPPP1/R1BQKBNR b KQkq - 1 2,illegal uci: 'e2e4' in rnbqkbnr/ppp1pppp/8/3p4/8/2N4P/PPPPPPP1/R1BQKBNR b KQkq - 1 2
2026-02-21 16:57:41,22,2,rnbqkbnr/ppp1pppp/8/3p4/5P2/N7/PPPPP1PP/R1BQKBNR b KQkq - 0 2,illegal uci: 'e2e4' in rnbqkbnr/ppp1pppp/8/3p4/5P2/N7/PPPPP1PP/R1BQKBNR b KQkq - 0 2
2026-02-21 16:57:52,23,2,rnbqkbnr/ppp1pppp/8/3p4/8/5NP1/PPPPPP1P/RNBQKB1R b KQkq - 0 2,illegal uci: 'e2e4' in rnbqkbnr/ppp1pppp/8/3p4/8/5NP1/PPPPPP1P/RNBQKB1R b KQkq - 0 2
2026-02-21 16:58:03,24,2,rnbqkbnr/ppp1pppp/8/3p4/8/N2P4/PPP1PPPP/R1BQKBNR b KQkq - 1 2,illegal uci: 'e2e4' in rnbqkbnr/ppp1pppp/8/3p4/8/N2P4/PPP1PPPP/R1BQKBNR b KQkq - 1 2
2026-02-21 16:58:15,25,2,rnbqkbnr/ppp1pppp/8/3p4/4P3/7P/PPPP1PP1/RNBQKBNR b KQkq - 0 2,illegal uci: 'e2e4' in rnbqkbnr/ppp1pppp/8/3p4/4P3/7P/PPPP1PP1/RNBQKBNR b KQkq - 0 2
2026-02-21 16:58:25,26,2,rnbqkbnr/ppp1pppp/8/3p4/8/N3P3/PPPP1PPP/R1BQKBNR b KQkq - 1 2,illegal uci: 'e2e4' in rnbqkbnr/ppp1pppp/8/3p4/8/N3P3/PPPP1PPP/R1BQKBNR b KQkq - 1 2
2026-02-21 16:58:36,27,2,rnbqkbnr/ppp1pppp/8/1N1p4/8/8/PPPPPPPP/R1BQKBNR b KQkq - 1 2,illegal uci: 'e2e4' in rnbqkbnr/ppp1pppp/8/1N1p4/8/8/PPPPPPPP/R1BQKBNR b KQkq - 1 2
2026-02-21 16:58:47,28,2,rnbqkbnr/ppp1pppp/8/3p4/8/N6P/PPPPPPP1/R1BQKBNR b KQkq - 0 2,illegal uci: 'e2e4' in rnbqkbnr/ppp1pppp/8/3p4/8/N6P/PPPPPPP1/R1BQKBNR b KQkq - 0 2
2026-02-21 16:58:59,29,2,rnbqkbnr/ppp1pppp/8/3p4/8/3P4/PPPBPPPP/RN1QKBNR b KQkq - 1 2,illegal uci: 'e2e4' in rnbqkbnr/ppp1pppp/8/3p4/8/3P4/PPPBPPPP/RN1QKBNR b KQkq - 1 2
2026-02-21 16:59:10,30,2,rnbqkbnr/ppp1pppp/8/3p4/6P1/7N/PPPPPP1P/RNBQKB1R b KQkq - 0 2,illegal uci: 'e2e4' in rnbqkbnr/ppp1pppp/8/3p4/6P1/7N/PPPPPP1P/RNBQKB1R b KQkq - 0 2
2026-02-21 16:59:21,31,2,rnbqkbnr/ppp1pppp/8/3p4/7P/7R/PPPPPPP1/RNBQKBN1 b Qkq - 1 2,illegal uci: 'e2e4' in rnbqkbnr/ppp1pppp/8/3p4/7P/7R/PPPPPPP1/RNBQKBN1 b Qkq - 1 2
2026-02-21 16:59:32,32,2,rnbqkbnr/ppp1pppp/8/3p4/1P6/5P2/P1PPP1PP/RNBQKBNR b KQkq - 0 2,illegal uci: 'e2e4' in rnbqkbnr/ppp1pppp/8/3p4/1P6/5P2/P1PPP1PP/RNBQKBNR b KQkq - 0 2
2026-02-21 16:59:43,33,2,rnbqkbnr/ppp1pppp/8/3p4/8/2N4N/PPPPPPPP/R1BQKB1R b KQkq - 1 2,illegal uci: 'e2e4' in rnbqkbnr/ppp1pppp/8/3p4/8/2N4N/PPPPPPPP/R1BQKB1R b KQkq - 1 2
2026-02-21 16:59:54,34,2,rnbqkbnr/ppp1pppp/8/3p4/4P3/5N2/PPPP1PPP/RNBQKB1R b KQkq - 1 2,illegal uci: 'e2e4' in rnbqkbnr/ppp1pppp/8/3p4/4P3/5N2/PPPP1PPP/RNBQKB1R b KQkq - 1 2
2026-02-21 17:00:05,35,2,rnbqkbnr/ppp1pppp/8/3p4/2P5/2N5/PP1PPPPP/R1BQKBNR b KQkq - 1 2,illegal uci: 'e2e4' in rnbqkbnr/ppp1pppp/8/3p4/2P5/2N5/PP1PPPPP/R1BQKBNR b KQkq - 1 2
2026-02-21 17:00:16,36,2,rnbqkbnr/ppp1pppp/8/3p4/5P2/P7/1PPPP1PP/RNBQKBNR b KQkq - 0 2,illegal uci: 'e2e4' in rnbqkbnr/ppp1pppp/8/3p4/5P2/P7/1PPPP1PP/RNBQKBNR b KQkq - 0 2
2026-02-21 17:00:28,37,2,rnbqkbnr/ppp1pppp/8/3p4/8/3P3N/PPP1PPPP/RNBQKB1R b KQkq - 1 2,illegal uci: 'e2e4' in rnbqkbnr/ppp1pppp/8/3p4/8/3P3N/PPP1PPPP/RNBQKB1R b KQkq - 1 2
2026-02-21 17:00:39,38,2,rnbqkbnr/ppp1pppp/8/3p4/8/N3P3/PPPP1PPP/R1BQKBNR b KQkq - 1 2,illegal uci: 'e2e4' in rnbqkbnr/ppp1pppp/8/3p4/8/N3P3/PPPP1PPP/R1BQKBNR b KQkq - 1 2
2026-02-21 17:00:50,39,2,rnbqkbnr/ppp1pppp/8/3p4/8/2N4N/PPPPPPPP/R1BQKB1R b KQkq - 1 2,illegal uci: 'e2e4' in rnbqkbnr/ppp1pppp/8/3p4/8/2N4N/PPPPPPPP/R1BQKB1R b KQkq - 1 2
2026-02-21 17:01:00,40,2,rnbqkbnr/ppp1pppp/8/3p4/8/N6P/PPPPPPP1/R1BQKBNR b KQkq - 0 2,illegal uci: 'e2e4' in rnbqkbnr/ppp1pppp/8/3p4/8/N6P/PPPPPPP1/R1BQKBNR b KQkq - 0 2
2026-02-21 17:01:12,41,2,rnbqkbnr/ppp1pppp/8/3p4/8/2N3P1/PPPPPP1P/R1BQKBNR b KQkq - 1 2,illegal uci: 'e2e4' in rnbqkbnr/ppp1pppp/8/3p4/8/2N3P1/PPPPPP1P/R1BQKBNR b KQkq - 1 2
2026-02-21 17:01:23,42,2,rnbqkbnr/ppp1pppp/8/3p4/1P2P3/8/P1PP1PPP/RNBQKBNR b KQkq - 0 2,illegal uci: 'e2e4' in rnbqkbnr/ppp1pppp/8/3p4/1P2P3/8/P1PP1PPP/RNBQKBNR b KQkq - 0 2
2026-02-21 17:01:34,43,2,rnbqkbnr/ppp1pppp/8/3p4/8/P3P3/1PPP1PPP/RNBQKBNR b KQkq - 0 2,illegal uci: 'e2e4' in rnbqkbnr/ppp1pppp/8/3p4/8/P3P3/1PPP1PPP/RNBQKBNR b KQkq - 0 2
2026-02-21 17:01:44,44,2,rnbqkbnr/ppp1pppp/8/3p4/8/2N5/PPPPPPPP/1RBQKBNR b Kkq - 1 2,illegal uci: 'e2e4' in rnbqkbnr/ppp1pppp/8/3p4/8/2N5/PPPPPPPP/1RBQKBNR b Kkq - 1 2
2026-02-21 17:01:55,45,2,rnbqkbnr/ppp1pppp/8/3p4/8/8/PPPPPPPP/RNBQKBNR b KQkq - 1 2,illegal uci: 'e2e4' in rnbqkbnr/ppp1pppp/8/3p4/8/8/PPPPPPPP/RNBQKBNR b KQkq - 1 2
2026-02-21 17:02:06,46,2,rnbqkbnr/ppp1pppp/8/3p4/3P4/5P2/PPP1P1PP/RNBQKBNR b KQkq - 0 2,illegal uci: 'e2e4' in rnbqkbnr/ppp1pppp/8/3p4/3P4/5P2/PPP1P1PP/RNBQKBNR b KQkq - 0 2
2026-02-21 17:02:17,47,2,rnbqkbnr/ppp1pppp/8/3p4/8/6PP/PPPPPP2/RNBQKBNR b KQkq - 0 2,illegal uci: 'e2e4' in rnbqkbnr/ppp1pppp/8/3p4/8/6PP/PPPPPP2/RNBQKBNR b KQkq - 0 2
2026-02-21 17:02:28,48,2,rnbqkbnr/ppp1pppp/8/3p2B1/8/3P4/PPP1PPPP/RN1QKBNR b KQkq - 1 2,illegal uci: 'e2e4' in rnbqkbnr/ppp1pppp/8/3p2B1/8/3P4/PPP1PPPP/RN1QKBNR b KQkq - 1 2
2026-02-21 17:02:39,49,2,rnbqkbnr/ppp1pppp/8/3p4/2P5/5P2/PP1PP1PP/RNBQKBNR b KQkq - 0 2,illegal uci: 'e2e4' in rnbqkbnr/ppp1pppp/8/3p4/2P5/5P2/PP1PP1PP/RNBQKBNR b KQkq - 0 2
2026-02-21 17:02:50,50,2,rnbqkbnr/ppp1pppp/8/3p4/8/5NP1/PPPPPP1P/RNBQKB1R b KQkq - 1 2,illegal uci: 'e2e4' in rnbqkbnr/ppp1pppp/8/3p4/8/5NP1/PPPPPP1P/RNBQKB1R b KQkq - 1 2
2026-02-21 17:03:01,51,2,rnbqkbnr/ppp1pppp/8/3p4/P1P5/8/1P1PPPPP/RNBQKBNR b KQkq - 0 2,illegal uci: 'e2e4' in rnbqkbnr/ppp1pppp/8/3p4/P1P5/8/1P1PPPPP/RNBQKBNR b KQkq - 0 2
2026-02-21 17:03:12,52,2,rnbqkbnr/ppp1pppp/8/3p4/7P/5N2/PPPPPPP1/RNBQKB1R b KQkq - 1 2,illegal uci: 'e2e4' in rnbqkbnr/ppp1pppp/8/3p4/7P/5N2/PPPPPPP1/RNBQKB1R b KQkq - 1 2
2026-02-21 17:03:24,53,2,rnbqkbnr/ppp1pppp/8/3p4/2P1P3/8/PP1P1PPP/RNBQKBNR b KQkq - 0 2,illegal uci: 'e2e4' in rnbqkbnr/ppp1pppp/8/3p4/2P1P3/8/PP1P1PPP/RNBQKBNR b KQkq - 0 2
2026-02-21 17:03:35,54,2,rnbqkbnr/ppp1pppp/8/3p4/7P/8/PPPPPPPR/RNBQKBN1 b Qkq - 1 2,illegal uci: 'e2e4' in rnbqkbnr/ppp1pppp/8/3p4/7P/8/PPPPPPPR/RNBQKBN1 b Qkq - 1 2
2026-02-21 17:03:46,55,2,rnbqkbnr/ppp1pppp/8/3p4/4N3/8/PPPPPPPP/R1BQKBNR b KQkq - 1 2,illegal uci: 'e2e4' in rnbqkbnr/ppp1pppp/8/3p4/4N3/8/PPPPPPPP/R1BQKBNR b KQkq - 1 2
2026-02-21 17:03:58,56,2,rnbqkbnr/ppp1pppp/8/3p4/7P/P7/1PPPPPP1/RNBQKBNR b KQkq - 0 2,illegal uci: 'e2e4' in rnbqkbnr/ppp1pppp/8/3p4/7P/P7/1PPPPPP1/RNBQKBNR b KQkq - 0 2
2026-02-21 17:04:09,57,2,rnbqkbnr/ppp1pppp/8/3p4/2P2P2/8/PP1PP1PP/RNBQKBNR b KQkq - 0 2,illegal uci: 'e2e4' in rnbqkbnr/ppp1pppp/8/3p4/2P2P2/8/PP1PP1PP/RNBQKBNR b KQkq - 0 2
2026-02-21 17:04:20,58,2,rnbqkbnr/ppp1pppp/8/3p4/1P6/5P2/P1PPP1PP/RNBQKBNR b KQkq - 0 2,illegal uci: 'e2e4' in rnbqkbnr/ppp1pppp/8/3p4/1P6/5P2/P1PPP1PP/RNBQKBNR b KQkq - 0 2
2026-02-21 17:04:31,59,2,rnbqkbnr/ppp1pppp/8/3p4/1P6/7N/P1PPPPPP/RNBQKB1R b KQkq - 0 2,illegal uci: 'e2e4' in rnbqkbnr/ppp1pppp/8/3p4/1P6/7N/P1PPPPPP/RNBQKB1R b KQkq - 0 2
2026-02-21 17:04:42,60,2,rnbqkbnr/ppp1pppp/8/3p4/8/P4N2/1PPPPPPP/RNBQKB1R b KQkq - 1 2,illegal uci: 'e2e4' in rnbqkbnr/ppp1pppp/8/3p4/8/P4N2/1PPPPPPP/RNBQKB1R b KQkq - 1 2
2026-02-21 17:04:53,61,2,rnbqkbnr/ppp1pppp/8/3p4/4P1Q1/8/PPPP1PPP/RNB1KBNR b KQkq - 1 2,illegal uci: 'e2e4' in rnbqkbnr/ppp1pppp/8/3p4/4P1Q1/8/PPPP1PPP/RNB1KBNR b KQkq - 1 2
2026-02-21 17:05:04,62,2,rnbqkbnr/ppp1pppp/8/3p4/7P/N7/PPPPPPP1/R1BQKBNR b KQkq - 0 2,illegal uci: 'e2e4' in rnbqkbnr/ppp1pppp/8/3p4/7P/N7/PPPPPPP1/R1BQKBNR b KQkq - 0 2
2026-02-21 17:05:15,63,2,rnbqkbnr/ppp1pppp/8/3p4/2P5/8/PPQPPPPP/RNB1KBNR b KQkq - 1 2,illegal uci: 'e2e4' in rnbqkbnr/ppp1pppp/8/3p4/2P5/8/PPQPPPPP/RNB1KBNR b KQkq - 1 2
2026-02-21 17:05:26,64,2,rnbqkbnr/ppp1pppp/8/3p4/8/1P6/PBPPPPPP/RN1QKBNR b KQkq - 1 2,illegal uci: 'e2e4' in rnbqkbnr/ppp1pppp/8/3p4/8/1P6/PBPPPPPP/RN1QKBNR b KQkq - 1 2
2026-02-21 17:05:37,65,2,rnbqkbnr/ppp1pppp/8/3p4/2P3P1/8/PP1PPP1P/RNBQKBNR b KQkq - 0 2,illegal uci: 'e2e4' in rnbqkbnr/ppp1pppp/8/3p4/2P3P1/8/PP1PPP1P/RNBQKBNR b KQkq - 0 2
2026-02-21 17:05:48,66,2,rnbqkbnr/ppp1pppp/8/3p4/8/2N4P/PPPPPPP1/R1BQKBNR b KQkq - 0 2,illegal uci: 'e2e4' in rnbqkbnr/ppp1pppp/8/3p4/8/2N4P/PPPPPPP1/R1BQKBNR b KQkq - 0 2
2026-02-21 17:06:03,67,2,rnbqkbnr/ppp1pppp/8/3p4/8/1P3N2/P1PPPPPP/RNBQKB1R b KQkq - 1 2,illegal uci: 'e2e4' in rnbqkbnr/ppp1pppp/8/3p4/8/1P3N2/P1PPPPPP/RNBQKB1R b KQkq - 1 2
2026-02-21 17:06:18,68,2,rnbqkbnr/ppp1pppp/8/3p4/1P6/N7/P1PPPPPP/R1BQKBNR b KQkq - 0 2,illegal uci: 'e2e4' in rnbqkbnr/ppp1pppp/8/3p4/1P6/N7/P1PPPPPP/R1BQKBNR b KQkq - 0 2
2026-02-21 17:06:29,69,2,rnbqkbnr/ppp1pppp/8/3p4/8/2N2P2/PPPPP1PP/R1BQKBNR b KQkq - 0 2,illegal uci: 'e2e4' in rnbqkbnr/ppp1pppp/8/3p4/8/2N2P2/PPPPP1PP/R1BQKBNR b KQkq - 0 2
2026-02-21 17:06:40,70,2,rnbqkbnr/ppp1pppp/8/3p4/P1P5/8/1P1PPPPP/RNBQKBNR b KQkq - 0 2,illegal uci: 'e2e4' in rnbqkbnr/ppp1pppp/8/3p4/P1P5/8/1P1PPPPP/RNBQKBNR b KQkq - 0 2
2026-02-21 17:06:51,71,2,rnbqkbnr/ppp1pppp/8/3p4/2P5/4P3/PP1P1PPP/RNBQKBNR b KQkq - 0 2,illegal uci: 'e2e4' in rnbqkbnr/ppp1pppp/8/3p4/2P5/4P3/PP1P1PPP/RNBQKBNR b KQkq - 0 2
2026-02-21 17:07:02,72,2,rnbqkbnr/ppp1pppp/8/3p4/4P3/2P5/PP1P1PPP/RNBQKBNR b KQkq - 0 2,illegal uci: 'e2e4' in rnbqkbnr/ppp1pppp/8/3p4/4P3/2P5/PP1P1PPP/RNBQKBNR b KQkq - 0 2
2026-02-21 17:07:13,73,2,rnbqkbnr/ppp1pppp/8/3p4/4P3/3P4/PPP2PPP/RNBQKBNR b KQkq - 0 2,illegal uci: 'e2e4' in rnbqkbnr/ppp1pppp/8/3p4/4P3/3P4/PPP2PPP/RNBQKBNR b KQkq - 0 2
2026-02-21 17:07:23,74,2,rnbqkbnr/ppp1pppp/8/3p4/2P2P2/8/PP1PP1PP/RNBQKBNR b KQkq - 0 2,illegal uci: 'e2e4' in rnbqkbnr/ppp1pppp/8/3p4/2P2P2/8/PP1PP1PP/RNBQKBNR b KQkq - 0 2
2026-02-21 17:07:34,75,2,rnbqkbnr/ppp1pppp/8/3P4/8/8/PP1PPPPP/RNBQKBNR b KQkq - 0 2,illegal uci: 'e2e4' in rnbqkbnr/ppp1pppp/8/3P4/8/8/PP1PPPPP/RNBQKBNR b KQkq - 0 2
2026-02-21 17:07:45,76,2,rnbqkbnr/ppp1pppp/8/3p4/1P6/7N/P1PPPPPP/RNBQKB1R b KQkq - 1 2,illegal uci: 'e2e4' in rnbqkbnr/ppp1pppp/8/3p4/1P6/7N/P1PPPPPP/RNBQKB1R b KQkq - 1 2
2026-02-21 17:07:56,77,2,rnbqkbnr/ppp1pppp/8/3p4/8/1P4P1/P1PPPP1P/RNBQKBNR b KQkq - 0 2,illegal uci: 'e2e4' in rnbqkbnr/ppp1pppp/8/3p4/8/1P4P1/P1PPPP1P/RNBQKBNR b KQkq - 0 2
2026-02-21 17:08:07,78,2,rnbqkbnr/ppp1pppp/8/3p4/2P5/5P2/PP1PP1PP/RNBQKBNR b KQkq - 0 2,illegal uci: 'e2e4' in rnbqkbnr/ppp1pppp/8/3p4/2P5/5P2/PP1PP1PP/RNBQKBNR b KQkq - 0 2
2026-02-21 17:08:19,79,2,rnbqkbnr/ppp1pppp/8/3p4/2P1P3/8/PP1P1PPP/RNBQKBNR b KQkq - 0 2,illegal uci: 'e2e4' in rnbqkbnr/ppp1pppp/8/3p4/2P1P3/8/PP1P1PPP/RNBQKBNR b KQkq - 0 2
2026-02-21 17:08:30,80,2,rnbqkbnr/ppp1pppp/8/3p4/5P2/3P4/PPP1P1PP/RNBQKBNR b KQkq - 0 2,illegal uci: 'e2e4' in rnbqkbnr/ppp1pppp/8/3p4/5P2/3P4/PPP1P1PP/RNBQKBNR b KQkq - 0 2
2026-02-21 17:08:41,81,2,rnbqkbnr/ppp1pppp/8/3p4/8/7N/PPPPPPPP/RNBQKBR1 b Qkq - 1 2,illegal uci: 'e2e4' in rnbqkbnr/ppp1pppp/8/3p4/8/7N/PPPPPPPP/RNBQKBR1 b Qkq - 1 2
2026-02-21 17:08:52,82,2,rnbqkbnr/ppp1pppp/8/3p4/7P/8/PPPPPPP1/RNBQKBNR b KQkq - 0 2,illegal uci: 'e2e4' in rnbqkbnr/ppp1pppp/8/3p4/7P/8/PPPPPPP1/RNBQKBNR b KQkq - 0 2
2026-02-21 17:09:03,83,2,rnbqkbnr/ppp1pppp/8/3p4/8/4P3/PPPPBPPP/RNBQK1NR b KQkq - 1 2,illegal uci: 'e2e4' in rnbqkbnr/ppp1pppp/8/3p4/8/4P3/PPPPBPPP/RNBQK1NR b KQkq - 1 2
2026-02-21 17:09:13,84,2,rnbqkbnr/ppp1pppp/8/3p4/3PP3/8/PPP2PPP/RNBQKBNR b KQkq - 0 2,illegal uci: 'e2e4' in rnbqkbnr/ppp1pppp/8/3p4/3PP3/8/PPP2PPP/RNBQKBNR b KQkq - 0 2
2026-02-21 17:09:24,85,2,rnbqkbnr/ppp1pppp/8/3p4/8/PP6/2PPPPPP/RNBQKBNR b KQkq - 0 2,illegal uci: 'e2e4' in rnbqkbnr/ppp1pppp/8/3p4/8/PP6/2PPPPPP/RNBQKBNR b KQkq - 0 2
2026-02-21 17:09:35,86,2,rnbqkbnr/ppp1pppp/8/3p4/4P3/8/PPPPNPPP/RNBQKB1R b KQkq - 1 2,illegal uci: 'e2e4' in rnbqkbnr/ppp1pppp/8/3p4/4P3/8/PPPPNPPP/RNBQKB1R b KQkq - 1 2
2026-02-21 17:09:46,87,2,rnbqkbnr/ppp1pppp/8/3p4/8/N2P4/PPP1PPPP/R1BQKBNR b KQkq - 0 2,illegal uci: 'e2e4' in rnbqkbnr/ppp1pppp/8/3p4/8/N2P4/PPP1PPPP/R1BQKBNR b KQkq - 0 2
2026-02-21 17:09:57,88,2,rnbqkbnr/ppp1pppp/8/3p4/8/1PN5/P1PPPPPP/R1BQKBNR b KQkq - 1 2,illegal uci: 'e2e4' in rnbqkbnr/ppp1pppp/8/3p4/8/1PN5/P1PPPPPP/R1BQKBNR b KQkq - 1 2
2026-02-21 17:10:08,89,2,rnbqkbnr/ppp1pppp/8/3p4/5P2/3P4/PPP1P1PP/RNBQKBNR b KQkq - 0 2,illegal uci: 'e2e4' in rnbqkbnr/ppp1pppp/8/3p4/5P2/3P4/PPP1P1PP/RNBQKBNR b KQkq - 0 2
2026-02-21 17:10:19,90,2,rnbqkbnr/ppp1pppp/8/3p4/8/2N3P1/PPPPPP1P/R1BQKBNR b KQkq - 1 2,illegal uci: 'e2e4' in rnbqkbnr/ppp1pppp/8/3p4/8/2N3P1/PPPPPP1P/R1BQKBNR b KQkq - 1 2
2026-02-21 17:10:30,91,2,rnbqkbnr/ppp1pppp/8/3p4/2P5/4P3/PP1P1PPP/RNBQKBNR b KQkq - 0 2,illegal uci: 'e2e4' in rnbqkbnr/ppp1pppp/8/3p4/2P5/4P3/PP1P1PPP/RNBQKBNR b KQkq - 0 2
2026-02-21 17:10:41,92,2,rnbqkbnr/ppp1pppp/B7/3p4/8/4P3/PPPP1PPP/RNBQK1NR b KQkq - 1 2,illegal uci: 'e2e4' in rnbqkbnr/ppp1pppp/B7/3p4/8/4P3/PPPP1PPP/RNBQK1NR b KQkq - 1 2
2026-02-21 17:10:52,93,2,rnbqkbnr/ppp1pppp/8/3p4/8/2N4N/PPPPPPPP/R1BQKB1R b KQkq - 1 2,illegal uci: 'e2e4' in rnbqkbnr/ppp1pppp/8/3p4/8/2N4N/PPPPPPPP/R1BQKB1R b KQkq - 1 2
2026-02-21 17:11:03,94,2,rnbqkbnr/ppp1pppp/8/3p4/2P4P/8/PP1PPPP1/RNBQKBNR b KQkq - 0 2,illegal uci: 'e2e4' in rnbqkbnr/ppp1pppp/8/3p4/2P4P/8/PP1PPPP1/RNBQKBNR b KQkq - 0 2
2026-02-21 17:11:14,95,2,rnbqkbnr/ppp1pppp/8/3p4/8/P6N/1PPPPPPP/RNBQKB1R b KQkq - 0 2,illegal uci: 'e2e4' in rnbqkbnr/ppp1pppp/8/3p4/8/P6N/1PPPPPPP/RNBQKB1R b KQkq - 0 2
2026-02-21 17:11:25,96,2,rnbqkbnr/ppp1pppp/8/3p4/8/2N1P3/PPPP1PPP/R1BQKBNR b KQkq - 0 2,illegal uci: 'e2e4' in rnbqkbnr/ppp1pppp/8/3p4/8/2N1P3/PPPP1PPP/R1BQKBNR b KQkq - 0 2
2026-02-21 17:11:36,97,2,rnbqkbnr/ppp1pppp/8/3p4/2P5/5N2/PP1PPPPP/RNBQKB1R b KQkq - 0 2,illegal uci: 'e2e4' in rnbqkbnr/ppp1pppp/8/3p4/2P5/5N2/PP1PPPPP/RNBQKB1R b KQkq - 0 2
2026-02-21 17:11:46,98,2,rnbqkbnr/ppp1pppp/8/3p4/4P3/1P6/P1PP1PPP/RNBQKBNR b KQkq - 0 2,illegal uci: 'e2e4' in rnbqkbnr/ppp1pppp/8/3p4/4P3/1P6/P1PP1PPP/RNBQKBNR b KQkq - 0 2
2026-02-21 17:11:57,99,2,rnbqkbnr/ppp1pppp/8/3p4/3P3P/8/PPP1PPP1/RNBQKBNR b KQkq - 0 2,illegal uci: 'e2e4' in rnbqkbnr/ppp1pppp/8/3p4/3P3P/8/PPP1PPP1/RNBQKBNR b KQkq - 0 2
2026-02-21 17:12:08,100,2,rnbqkbnr/ppp1pppp/8/3p4/8/1P1P4/P1P1PPPP/RNBQKBNR b KQkq - 0 2,illegal uci: 'e2e4' in rnbqkbnr/ppp1pppp/8/3p4/8/1P1P4/P1P1PPPP/RNBQKBNR b KQkq - 0 2
2026-02-21 17:18:42,1,1,rnbqkbnr/pppppppp/8/8/5P2/8/PPPPP1PP/RNBQKBNR b KQkq - 0 1,illegal uci: 'e2e4' in rnbqkbnr/pppppppp/8/8/5P2/8/PPPPP1PP/RNBQKBNR b KQkq - 0 1
2026-02-21 17:18:54,2,1,rnbqkbnr/pppppppp/8/8/P7/8/1PPPPPPP/RNBQKBNR b KQkq - 0 1,illegal uci: 'e2e4' in rnbqkbnr/pppppppp/8/8/P7/8/1PPPPPPP/RNBQKBNR b KQkq - 0 1
2026-02-21 17:19:04,3,2,rnbqkbnr/ppp1pppp/8/3p4/1P6/7N/P1PPPPPP/RNBQKB1R b KQkq - 1 2,illegal uci: 'e2e4' in rnbqkbnr/ppp1pppp/8/3p4/1P6/7N/P1PPPPPP/RNBQKB1R b KQkq - 1 2
2026-02-21 17:19:15,4,2,rnbqkbnr/ppp1pppp/8/3p4/1P6/6P1/P1PPPP1P/RNBQKBNR b KQkq - 0 2,illegal uci: 'e2e4' in rnbqkbnr/ppp1pppp/8/3p4/1P6/6P1/P1PPPP1P/RNBQKBNR b KQkq - 0 2
2026-02-21 17:19:25,5,2,rnbqkbnr/ppp1pppp/8/3p4/1P1P4/8/P1P1PPPP/RNBQKBNR b KQkq - 0 2,illegal uci: 'e2e4' in rnbqkbnr/ppp1pppp/8/3p4/1P1P4/8/P1P1PPPP/RNBQKBNR b KQkq - 0 2
2026-02-22 16:12:29,1,1,rnbqkbnr/pppppppp/8/8/5P2/8/PPPPP1PP/RNBQKBNR b KQkq - 0 1,illegal uci: 'e2e4' in rnbqkbnr/pppppppp/8/8/5P2/8/PPPPP1PP/RNBQKBNR b KQkq - 0 1
2026-02-22 16:12:30,2,1,rnbqkbnr/pppppppp/8/8/8/4P3/PPPP1PPP/RNBQKBNR b KQkq - 0 1,illegal uci: 'e2e4' in rnbqkbnr/pppppppp/8/8/8/4P3/PPPP1PPP/RNBQKBNR b KQkq - 0 1
2026-02-22 16:12:31,3,1,rnbqkbnr/pppppppp/8/8/8/2N5/PPPPPPPP/R1BQKBNR b KQkq - 1 1,illegal uci: 'e2e4' in rnbqkbnr/pppppppp/8/8/8/2N5/PPPPPPPP/R1BQKBNR b KQkq - 1 1
2026-02-22 16:12:32,4,1,rnbqkbnr/pppppppp/8/8/8/N7/PPPPPPPP/R1BQKBNR b KQkq - 1 1,illegal uci: 'e2e4' in rnbqkbnr/pppppppp/8/8/8/N7/PPPPPPPP/R1BQKBNR b KQkq - 1 1
2026-02-22 16:12:33,5,1,rnbqkbnr/pppppppp/8/8/3P4/8/PPP1PPPP/RNBQKBNR b KQkq - 0 1,illegal uci: 'e2e4' in rnbqkbnr/pppppppp/8/8/3P4/8/PPP1PPPP/RNBQKBNR b KQkq - 0 1
2026-02-22 16:12:34,6,1,rnbqkbnr/pppppppp/8/8/3P4/8/PPP1PPPP/RNBQKBNR b KQkq - 0 1,illegal uci: 'e2e4' in rnbqkbnr/pppppppp/8/8/3P4/8/PPP1PPPP/RNBQKBNR b KQkq - 0 1
2026-02-22 16:12:35,7,1,rnbqkbnr/pppppppp/8/8/8/2N5/PPPPPPPP/R1BQKBNR b KQkq - 1 1,illegal uci: 'e2e4' in rnbqkbnr/pppppppp/8/8/8/2N5/PPPPPPPP/R1BQKBNR b KQkq - 1 1
2026-02-22 16:12:36,8,1,rnbqkbnr/pppppppp/8/8/8/5N2/PPPPPPPP/RNBQKB1R b KQkq - 1 1,illegal uci: 'e2e4' in rnbqkbnr/pppppppp/8/8/8/5N2/PPPPPPPP/RNBQKB1R b KQkq - 1 1
2026-02-22 16:12:38,9,1,rnbqkbnr/pppppppp/8/8/8/7N/PPPPPPPP/RNBQKB1R b KQkq - 1 1,illegal uci: 'e2e4' in rnbqkbnr/pppppppp/8/8/8/7N/PPPPPPPP/RNBQKB1R b KQkq - 1 1
2026-02-22 16:12:39,10,1,rnbqkbnr/pppppppp/8/8/2P5/8/PP1PPPPP/RNBQKBNR b KQkq - 0 1,illegal uci: 'e2e4' in rnbqkbnr/pppppppp/8/8/2P5/8/PP1PPPPP/RNBQKBNR b KQkq - 0 1
2026-02-22 16:12:40,11,1,rnbqkbnr/pppppppp/8/8/8/5P2/PPPPP1PP/RNBQKBNR b KQkq - 0 1,illegal uci: 'e2e4' in rnbqkbnr/pppppppp/8/8/8/5P2/PPPPP1PP/RNBQKBNR b KQkq - 0 1
2026-02-22 16:12:41,12,1,rnbqkbnr/pppppppp/8/8/8/2P5/PP1PPPPP/RNBQKBNR b KQkq - 0 1,illegal uci: 'e2e4' in rnbqkbnr/pppppppp/8/8/8/2P5/PP1PPPPP/RNBQKBNR b KQkq - 0 1
2026-02-22 16:12:42,13,1,rnbqkbnr/pppppppp/8/8/8/P7/1PPPPPPP/RNBQKBNR b KQkq - 0 1,illegal uci: 'e2e4' in rnbqkbnr/pppppppp/8/8/8/P7/1PPPPPPP/RNBQKBNR b KQkq - 0 1
2026-02-22 16:12:43,14,1,rnbqkbnr/pppppppp/8/8/8/1P6/P1PPPPPP/RNBQKBNR b KQkq - 0 1,illegal uci: 'e2e4' in rnbqkbnr/pppppppp/8/8/8/1P6/P1PPPPPP/RNBQKBNR b KQkq - 0 1
2026-02-22 16:12:44,15,1,rnbqkbnr/pppppppp/8/8/8/1P6/P1PPPPPP/RNBQKBNR b KQkq - 0 1,illegal uci: 'e2e4' in rnbqkbnr/pppppppp/8/8/8/1P6/P1PPPPPP/RNBQKBNR b KQkq - 0 1
2026-02-22 16:12:45,16,1,rnbqkbnr/pppppppp/8/8/8/2P5/PP1PPPPP/RNBQKBNR b KQkq - 0 1,illegal uci: 'e2e4' in rnbqkbnr/pppppppp/8/8/8/2P5/PP1PPPPP/RNBQKBNR b KQkq - 0 1
2026-02-22 16:12:46,17,1,rnbqkbnr/pppppppp/8/8/8/7N/PPPPPPPP/RNBQKB1R b KQkq - 1 1,illegal uci: 'e2e4' in rnbqkbnr/pppppppp/8/8/8/7N/PPPPPPPP/RNBQKB1R b KQkq - 1 1
2026-02-22 16:12:48,18,1,rnbqkbnr/pppppppp/8/8/8/7N/PPPPPPPP/RNBQKB1R b KQkq - 1 1,illegal uci: 'e2e4' in rnbqkbnr/pppppppp/8/8/8/7N/PPPPPPPP/RNBQKB1R b KQkq - 1 1
2026-02-22 16:12:49,19,1,rnbqkbnr/pppppppp/8/8/8/6P1/PPPPPP1P/RNBQKBNR b KQkq - 0 1,illegal uci: 'e2e4' in rnbqkbnr/pppppppp/8/8/8/6P1/PPPPPP1P/RNBQKBNR b KQkq - 0 1
2026-02-22 16:12:50,20,1,rnbqkbnr/pppppppp/8/8/8/2N5/PPPPPPPP/R1BQKBNR b KQkq - 1 1,illegal uci: 'e2e4' in rnbqkbnr/pppppppp/8/8/8/2N5/PPPPPPPP/R1BQKBNR b KQkq - 1 1
2026-02-22 16:12:51,21,1,rnbqkbnr/pppppppp/8/8/6P1/8/PPPPPP1P/RNBQKBNR b KQkq - 0 1,illegal uci: 'e2e4' in rnbqkbnr/pppppppp/8/8/6P1/8/PPPPPP1P/RNBQKBNR b KQkq - 0 1
2026-02-22 16:12:52,22,1,rnbqkbnr/pppppppp/8/8/8/7N/PPPPPPPP/RNBQKB1R b KQkq - 1 1,illegal uci: 'e2e4' in rnbqkbnr/pppppppp/8/8/8/7N/PPPPPPPP/RNBQKB1R b KQkq - 1 1
2026-02-22 16:12:53,23,1,rnbqkbnr/pppppppp/8/8/8/P7/1PPPPPPP/RNBQKBNR b KQkq - 0 1,illegal uci: 'e2e4' in rnbqkbnr/pppppppp/8/8/8/P7/1PPPPPPP/RNBQKBNR b KQkq - 0 1
2026-02-22 16:12:54,24,1,rnbqkbnr/pppppppp/8/8/8/1P6/P1PPPPPP/RNBQKBNR b KQkq - 0 1,illegal uci: 'e2e4' in rnbqkbnr/pppppppp/8/8/8/1P6/P1PPPPPP/RNBQKBNR b KQkq - 0 1
2026-02-22 16:12:55,25,1,rnbqkbnr/pppppppp/8/8/8/5P2/PPPPP1PP/RNBQKBNR b KQkq - 0 1,illegal uci: 'e2e4' in rnbqkbnr/pppppppp/8/8/8/5P2/PPPPP1PP/RNBQKBNR b KQkq - 0 1
2026-02-22 16:12:56,26,1,rnbqkbnr/pppppppp/8/8/8/1P6/P1PPPPPP/RNBQKBNR b KQkq - 0 1,illegal uci: 'e2e4' in rnbqkbnr/pppppppp/8/8/8/1P6/P1PPPPPP/RNBQKBNR b KQkq - 0 1
2026-02-22 16:12:58,27,1,rnbqkbnr/pppppppp/8/8/8/1P6/P1PPPPPP/RNBQKBNR b KQkq - 0 1,illegal uci: 'e2e4' in rnbqkbnr/pppppppp/8/8/8/1P6/P1PPPPPP/RNBQKBNR b KQkq - 0 1
2026-02-22 16:12:59,28,1,rnbqkbnr/pppppppp/8/8/8/7N/PPPPPPPP/RNBQKB1R b KQkq - 1 1,illegal uci: 'e2e4' in rnbqkbnr/pppppppp/8/8/8/7N/PPPPPPPP/RNBQKB1R b KQkq - 1 1
2026-02-22 16:13:00,29,1,rnbqkbnr/pppppppp/8/8/P7/8/1PPPPPPP/RNBQKBNR b KQkq - 0 1,illegal uci: 'e2e4' in rnbqkbnr/pppppppp/8/8/P7/8/1PPPPPPP/RNBQKBNR b KQkq - 0 1
2026-02-22 16:13:01,30,1,rnbqkbnr/pppppppp/8/8/8/7N/PPPPPPPP/RNBQKB1R b KQkq - 1 1,illegal uci: 'e2e4' in rnbqkbnr/pppppppp/8/8/8/7N/PPPPPPPP/RNBQKB1R b KQkq - 1 1
2026-02-22 16:13:02,31,1,rnbqkbnr/pppppppp/8/8/P7/8/1PPPPPPP/RNBQKBNR b KQkq - 0 1,illegal uci: 'e2e4' in rnbqkbnr/pppppppp/8/8/P7/8/1PPPPPPP/RNBQKBNR b KQkq - 0 1
2026-02-22 16:13:03,32,1,rnbqkbnr/pppppppp/8/8/8/7P/PPPPPPP1/RNBQKBNR b KQkq - 0 1,illegal uci: 'e2e4' in rnbqkbnr/pppppppp/8/8/8/7P/PPPPPPP1/RNBQKBNR b KQkq - 0 1
2026-02-22 16:13:04,33,1,rnbqkbnr/pppppppp/8/8/1P6/8/P1PPPPPP/RNBQKBNR b KQkq - 0 1,illegal uci: 'e2e4' in rnbqkbnr/pppppppp/8/8/1P6/8/P1PPPPPP/RNBQKBNR b KQkq - 0 1
2026-02-22 16:13:05,34,1,rnbqkbnr/pppppppp/8/8/8/N7/PPPPPPPP/R1BQKBNR b KQkq - 1 1,illegal uci: 'e2e4' in rnbqkbnr/pppppppp/8/8/8/N7/PPPPPPPP/R1BQKBNR b KQkq - 1 1
2026-02-22 16:13:06,35,1,rnbqkbnr/pppppppp/8/8/2P5/8/PP1PPPPP/RNBQKBNR b KQkq - 0 1,illegal uci: 'e2e4' in rnbqkbnr/pppppppp/8/8/2P5/8/PP1PPPPP/RNBQKBNR b KQkq - 0 1
2026-02-22 16:13:08,36,1,rnbqkbnr/pppppppp/8/8/4P3/8/PPPP1PPP/RNBQKBNR b KQkq - 0 1,illegal uci: 'e2e4' in rnbqkbnr/pppppppp/8/8/4P3/8/PPPP1PPP/RNBQKBNR b KQkq - 0 1
2026-02-22 16:13:09,37,1,rnbqkbnr/pppppppp/8/8/7P/8/PPPPPPP1/RNBQKBNR b KQkq - 0 1,illegal uci: 'e2e4' in rnbqkbnr/pppppppp/8/8/7P/8/PPPPPPP1/RNBQKBNR b KQkq - 0 1
2026-02-22 16:13:10,38,1,rnbqkbnr/pppppppp/8/8/3P4/8/PPP1PPPP/RNBQKBNR b KQkq - 0 1,illegal uci: 'e2e4' in rnbqkbnr/pppppppp/8/8/3P4/8/PPP1PPPP/RNBQKBNR b KQkq - 0 1
2026-02-22 16:13:11,39,1,rnbqkbnr/pppppppp/8/8/1P6/8/P1PPPPPP/RNBQKBNR b KQkq - 0 1,illegal uci: 'e2e4' in rnbqkbnr/pppppppp/8/8/1P6/8/P1PPPPPP/RNBQKBNR b KQkq - 0 1
2026-02-22 16:13:12,40,1,rnbqkbnr/pppppppp/8/8/8/7P/PPPPPPP1/RNBQKBNR b KQkq - 0 1,illegal uci: 'e2e4' in rnbqkbnr/pppppppp/8/8/8/7P/PPPPPPP1/RNBQKBNR b KQkq - 0 1
2026-02-22 16:13:13,41,1,rnbqkbnr/pppppppp/8/8/8/7P/PPPPPPP1/RNBQKBNR b KQkq - 0 1,illegal uci: 'e2e4' in rnbqkbnr/pppppppp/8/8/8/7P/PPPPPPP1/RNBQKBNR b KQkq - 0 1
2026-02-22 16:18:03,1,1,rnbqkbnr/pppppppp/8/8/8/6P1/PPPPPP1P/RNBQKBNR b KQkq - 0 1,illegal uci: 'e2e4' in rnbqkbnr/pppppppp/8/8/8/6P1/PPPPPP1P/RNBQKBNR b KQkq - 0 1
2026-02-22 16:18:04,2,1,rnbqkbnr/pppppppp/8/8/4P3/8/PPPP1PPP/RNBQKBNR b KQkq - 0 1,illegal uci: 'e2e4' in rnbqkbnr/pppppppp/8/8/4P3/8/PPPP1PPP/RNBQKBNR b KQkq - 0 1
2026-02-22 16:18:06,3,1,rnbqkbnr/pppppppp/8/8/6P1/8/PPPPPP1P/RNBQKBNR b KQkq - 0 1,illegal uci: 'e2e4' in rnbqkbnr/pppppppp/8/8/6P1/8/PPPPPP1P/RNBQKBNR b KQkq - 0 1
2026-02-22 16:18:07,4,1,rnbqkbnr/pppppppp/8/8/1P6/8/P1PPPPPP/RNBQKBNR b KQkq - 0 1,illegal uci: 'e2e4' in rnbqkbnr/pppppppp/8/8/1P6/8/P1PPPPPP/RNBQKBNR b KQkq - 0 1
2026-02-22 16:18:08,5,1,rnbqkbnr/pppppppp/8/8/8/1P6/P1PPPPPP/RNBQKBNR b KQkq - 0 1,illegal uci: 'e2e4' in rnbqkbnr/pppppppp/8/8/8/1P6/P1PPPPPP/RNBQKBNR b KQkq - 0 1
2026-02-22 16:18:09,6,1,rnbqkbnr/pppppppp/8/8/7P/8/PPPPPPP1/RNBQKBNR b KQkq - 0 1,illegal uci: 'e2e4' in rnbqkbnr/pppppppp/8/8/7P/8/PPPPPPP1/RNBQKBNR b KQkq - 0 1
2026-02-22 16:18:10,7,1,rnbqkbnr/pppppppp/8/8/8/7P/PPPPPPP1/RNBQKBNR b KQkq - 0 1,illegal uci: 'e2e4' in rnbqkbnr/pppppppp/8/8/8/7P/PPPPPPP1/RNBQKBNR b KQkq - 0 1
2026-02-22 16:18:11,8,1,rnbqkbnr/pppppppp/8/8/8/3P4/PPP1PPPP/RNBQKBNR b KQkq - 0 1,illegal uci: 'e2e4' in rnbqkbnr/pppppppp/8/8/8/3P4/PPP1PPPP/RNBQKBNR b KQkq - 0 1
2026-02-22 16:18:12,9,1,rnbqkbnr/pppppppp/8/8/2P5/8/PP1PPPPP/RNBQKBNR b KQkq - 0 1,illegal uci: 'e2e4' in rnbqkbnr/pppppppp/8/8/2P5/8/PP1PPPPP/RNBQKBNR b KQkq - 0 1
2026-02-22 16:18:13,10,1,rnbqkbnr/pppppppp/8/8/8/2P5/PP1PPPPP/RNBQKBNR b KQkq - 0 1,illegal uci: 'e2e4' in rnbqkbnr/pppppppp/8/8/8/2P5/PP1PPPPP/RNBQKBNR b KQkq - 0 1
2026-02-22 16:18:14,11,1,rnbqkbnr/pppppppp/8/8/1P6/8/P1PPPPPP/RNBQKBNR b KQkq - 0 1,illegal uci: 'e2e4' in rnbqkbnr/pppppppp/8/8/1P6/8/P1PPPPPP/RNBQKBNR b KQkq - 0 1
2026-02-22 16:18:16,12,1,rnbqkbnr/pppppppp/8/8/8/5N2/PPPPPPPP/RNBQKB1R b KQkq - 1 1,illegal uci: 'e2e4' in rnbqkbnr/pppppppp/8/8/8/5N2/PPPPPPPP/RNBQKB1R b KQkq - 1 1
2026-02-22 16:18:17,13,1,rnbqkbnr/pppppppp/8/8/5P2/8/PPPPP1PP/RNBQKBNR b KQkq - 0 1,illegal uci: 'e2e4' in rnbqkbnr/pppppppp/8/8/5P2/8/PPPPP1PP/RNBQKBNR b KQkq - 0 1
2026-02-22 16:18:18,14,1,rnbqkbnr/pppppppp/8/8/1P6/8/P1PPPPPP/RNBQKBNR b KQkq - 0 1,illegal uci: 'e2e4' in rnbqkbnr/pppppppp/8/8/1P6/8/P1PPPPPP/RNBQKBNR b KQkq - 0 1
2026-02-22 16:18:19,15,1,rnbqkbnr/pppppppp/8/8/5P2/8/PPPPP1PP/RNBQKBNR b KQkq - 0 1,illegal uci: 'e2e4' in rnbqkbnr/pppppppp/8/8/5P2/8/PPPPP1PP/RNBQKBNR b KQkq - 0 1
2026-02-22 16:18:20,16,1,rnbqkbnr/pppppppp/8/8/8/1P6/P1PPPPPP/RNBQKBNR b KQkq - 0 1,illegal uci: 'e2e4' in rnbqkbnr/pppppppp/8/8/8/1P6/P1PPPPPP/RNBQKBNR b KQkq - 0 1
2026-02-22 16:18:21,17,1,rnbqkbnr/pppppppp/8/8/8/2P5/PP1PPPPP/RNBQKBNR b KQkq - 0 1,illegal uci: 'e2e4' in rnbqkbnr/pppppppp/8/8/8/2P5/PP1PPPPP/RNBQKBNR b KQkq - 0 1
2026-02-22 16:18:22,18,1,rnbqkbnr/pppppppp/8/8/8/P7/1PPPPPPP/RNBQKBNR b KQkq - 0 1,illegal uci: 'e2e4' in rnbqkbnr/pppppppp/8/8/8/P7/1PPPPPPP/RNBQKBNR b KQkq - 0 1
2026-02-22 16:18:23,19,1,rnbqkbnr/pppppppp/8/8/8/6P1/PPPPPP1P/RNBQKBNR b KQkq - 0 1,illegal uci: 'e2e4' in rnbqkbnr/pppppppp/8/8/8/6P1/PPPPPP1P/RNBQKBNR b KQkq - 0 1
2026-02-22 16:18:24,20,1,rnbqkbnr/pppppppp/8/8/8/2P5/PP1PPPPP/RNBQKBNR b KQkq - 0 1,illegal uci: 'e2e4' in rnbqkbnr/pppppppp/8/8/8/2P5/PP1PPPPP/RNBQKBNR b KQkq - 0 1
2026-02-22 16:18:26,21,1,rnbqkbnr/pppppppp/8/8/8/7N/PPPPPPPP/RNBQKB1R b KQkq - 1 1,illegal uci: 'e2e4' in rnbqkbnr/pppppppp/8/8/8/7N/PPPPPPPP/RNBQKB1R b KQkq - 1 1
2026-02-22 16:18:27,22,1,rnbqkbnr/pppppppp/8/8/8/1P6/P1PPPPPP/RNBQKBNR b KQkq - 0 1,illegal uci: 'e2e4' in rnbqkbnr/pppppppp/8/8/8/1P6/P1PPPPPP/RNBQKBNR b KQkq - 0 1
2026-02-22 16:18:28,23,1,rnbqkbnr/pppppppp/8/8/8/N7/PPPPPPPP/R1BQKBNR b KQkq - 1 1,illegal uci: 'e2e4' in rnbqkbnr/pppppppp/8/8/8/N7/PPPPPPPP/R1BQKBNR b KQkq - 1 1
2026-02-22 16:18:29,24,1,rnbqkbnr/pppppppp/8/8/P7/8/1PPPPPPP/RNBQKBNR b KQkq - 0 1,illegal uci: 'e2e4' in rnbqkbnr/pppppppp/8/8/P7/8/1PPPPPPP/RNBQKBNR b KQkq - 0 1
2026-02-22 16:18:30,25,1,rnbqkbnr/pppppppp/8/8/8/3P4/PPP1PPPP/RNBQKBNR b KQkq - 0 1,illegal uci: 'e2e4' in rnbqkbnr/pppppppp/8/8/8/3P4/PPP1PPPP/RNBQKBNR b KQkq - 0 1
2026-02-22 16:18:31,26,1,rnbqkbnr/pppppppp/8/8/8/6P1/PPPPPP1P/RNBQKBNR b KQkq - 0 1,illegal uci: 'e2e4' in rnbqkbnr/pppppppp/8/8/8/6P1/PPPPPP1P/RNBQKBNR b KQkq - 0 1
2026-02-22 16:18:32,27,1,rnbqkbnr/pppppppp/8/8/5P2/8/PPPPP1PP/RNBQKBNR b KQkq - 0 1,illegal uci: 'e2e4' in rnbqkbnr/pppppppp/8/8/5P2/8/PPPPP1PP/RNBQKBNR b KQkq - 0 1
2026-02-22 16:18:33,28,1,rnbqkbnr/pppppppp/8/8/6P1/8/PPPPPP1P/RNBQKBNR b KQkq - 0 1,illegal uci: 'e2e4' in rnbqkbnr/pppppppp/8/8/6P1/8/PPPPPP1P/RNBQKBNR b KQkq - 0 1
2026-02-22 16:18:34,29,1,rnbqkbnr/pppppppp/8/8/8/7P/PPPPPPP1/RNBQKBNR b KQkq - 0 1,illegal uci: 'e2e4' in rnbqkbnr/pppppppp/8/8/8/7P/PPPPPPP1/RNBQKBNR b KQkq - 0 1
2026-02-22 16:18:36,30,1,rnbqkbnr/pppppppp/8/8/8/3P4/PPP1PPPP/RNBQKBNR b KQkq - 0 1,illegal uci: 'e2e4' in rnbqkbnr/pppppppp/8/8/8/3P4/PPP1PPPP/RNBQKBNR b KQkq - 0 1
2026-02-22 16:18:37,31,1,rnbqkbnr/pppppppp/8/8/8/4P3/PPPP1PPP/RNBQKBNR b KQkq - 0 1,illegal uci: 'e2e4' in rnbqkbnr/pppppppp/8/8/8/4P3/PPPP1PPP/RNBQKBNR b KQkq - 0 1
2026-02-22 16:18:38,32,1,rnbqkbnr/pppppppp/8/8/8/7N/PPPPPPPP/RNBQKB1R b KQkq - 1 1,illegal uci: 'e2e4' in rnbqkbnr/pppppppp/8/8/8/7N/PPPPPPPP/RNBQKB1R b KQkq - 1 1
2026-02-22 16:18:39,33,1,rnbqkbnr/pppppppp/8/8/8/5P2/PPPPP1PP/RNBQKBNR b KQkq - 0 1,illegal uci: 'e2e4' in rnbqkbnr/pppppppp/8/8/8/5P2/PPPPP1PP/RNBQKBNR b KQkq - 0 1
2026-02-22 16:18:40,34,1,rnbqkbnr/pppppppp/8/8/8/P7/1PPPPPPP/RNBQKBNR b KQkq - 0 1,illegal uci: 'e2e4' in rnbqkbnr/pppppppp/8/8/8/P7/1PPPPPPP/RNBQKBNR b KQkq - 0 1
2026-02-22 16:18:41,35,1,rnbqkbnr/pppppppp/8/8/6P1/8/PPPPPP1P/RNBQKBNR b KQkq - 0 1,illegal uci: 'e2e4' in rnbqkbnr/pppppppp/8/8/6P1/8/PPPPPP1P/RNBQKBNR b KQkq - 0 1
2026-02-22 16:18:42,36,1,rnbqkbnr/pppppppp/8/8/6P1/8/PPPPPP1P/RNBQKBNR b KQkq - 0 1,illegal uci: 'e2e4' in rnbqkbnr/pppppppp/8/8/6P1/8/PPPPPP1P/RNBQKBNR b KQkq - 0 1
2026-02-22 16:18:43,37,1,rnbqkbnr/pppppppp/8/8/8/2P5/PP1PPPPP/RNBQKBNR b KQkq - 0 1,illegal uci: 'e2e4' in rnbqkbnr/pppppppp/8/8/8/2P5/PP1PPPPP/RNBQKBNR b KQkq - 0 1
2026-02-22 16:18:44,38,1,rnbqkbnr/pppppppp/8/8/8/7P/PPPPPPP1/RNBQKBNR b KQkq - 0 1,illegal uci: 'e2e4' in rnbqkbnr/pppppppp/8/8/8/7P/PPPPPPP1/RNBQKBNR b KQkq - 0 1
2026-02-22 16:18:46,39,1,rnbqkbnr/pppppppp/8/8/4P3/8/PPPP1PPP/RNBQKBNR b KQkq - 0 1,illegal uci: 'e2e4' in rnbqkbnr/pppppppp/8/8/4P3/8/PPPP1PPP/RNBQKBNR b KQkq - 0 1
2026-02-22 16:18:47,40,1,rnbqkbnr/pppppppp/8/8/3P4/8/PPP1PPPP/RNBQKBNR b KQkq - 0 1,illegal uci: 'e2e4' in rnbqkbnr/pppppppp/8/8/3P4/8/PPP1PPPP/RNBQKBNR b KQkq - 0 1
2026-02-22 16:18:48,41,1,rnbqkbnr/pppppppp/8/8/7P/8/PPPPPPP1/RNBQKBNR b KQkq - 0 1,illegal uci: 'e2e4' in rnbqkbnr/pppppppp/8/8/7P/8/PPPPPPP1/RNBQKBNR b KQkq - 0 1
2026-02-22 16:18:49,42,1,rnbqkbnr/pppppppp/8/8/8/6P1/PPPPPP1P/RNBQKBNR b KQkq - 0 1,illegal uci: 'e2e4' in rnbqkbnr/pppppppp/8/8/8/6P1/PPPPPP1P/RNBQKBNR b KQkq - 0 1
2026-02-22 16:18:50,43,1,rnbqkbnr/pppppppp/8/8/8/3P4/PPP1PPPP/RNBQKBNR b KQkq - 0 1,illegal uci: 'e2e4' in rnbqkbnr/pppppppp/8/8/8/3P4/PPP1PPPP/RNBQKBNR b KQkq - 0 1
2026-02-22 16:18:51,44,1,rnbqkbnr/pppppppp/8/8/2P5/8/PP1PPPPP/RNBQKBNR b KQkq - 0 1,illegal uci: 'e2e4' in rnbqkbnr/pppppppp/8/8/2P5/8/PP1PPPPP/RNBQKBNR b KQkq - 0 1
2026-02-22 16:18:52,45,1,rnbqkbnr/pppppppp/8/8/5P2/8/PPPPP1PP/RNBQKBNR b KQkq - 0 1,illegal uci: 'e2e4' in rnbqkbnr/pppppppp/8/8/5P2/8/PPPPP1PP/RNBQKBNR b KQkq - 0 1
2026-02-22 16:18:53,46,1,rnbqkbnr/pppppppp/8/8/8/6P1/PPPPPP1P/RNBQKBNR b KQkq - 0 1,illegal uci: 'e2e4' in rnbqkbnr/pppppppp/8/8/8/6P1/PPPPPP1P/RNBQKBNR b KQkq - 0 1
2026-02-22 16:18:55,47,1,rnbqkbnr/pppppppp/8/8/8/3P4/PPP1PPPP/RNBQKBNR b KQkq - 0 1,illegal uci: 'e2e4' in rnbqkbnr/pppppppp/8/8/8/3P4/PPP1PPPP/RNBQKBNR b KQkq - 0 1
2026-02-22 16:18:56,48,1,rnbqkbnr/pppppppp/8/8/3P4/8/PPP1PPPP/RNBQKBNR b KQkq - 0 1,illegal uci: 'e2e4' in rnbqkbnr/pppppppp/8/8/3P4/8/PPP1PPPP/RNBQKBNR b KQkq - 0 1
2026-02-22 16:18:57,49,1,rnbqkbnr/pppppppp/8/8/8/2N5/PPPPPPPP/R1BQKBNR b KQkq - 1 1,illegal uci: 'e2e4' in rnbqkbnr/pppppppp/8/8/8/2N5/PPPPPPPP/R1BQKBNR b KQkq - 1 1
2026-02-22 16:18:58,50,1,rnbqkbnr/pppppppp/8/8/8/N7/PPPPPPPP/R1BQKBNR b KQkq - 1 1,illegal uci: 'e2e4' in rnbqkbnr/pppppppp/8/8/8/N7/PPPPPPPP/R1BQKBNR b KQkq - 1 1
2026-02-22 16:18:59,51,1,rnbqkbnr/pppppppp/8/8/8/5P2/PPPPP1PP/RNBQKBNR b KQkq - 0 1,illegal uci: 'e2e4' in rnbqkbnr/pppppppp/8/8/8/5P2/PPPPP1PP/RNBQKBNR b KQkq - 0 1
2026-02-22 16:19:00,52,1,rnbqkbnr/pppppppp/8/8/8/7N/PPPPPPPP/RNBQKB1R b KQkq - 1 1,illegal uci: 'e2e4' in rnbqkbnr/pppppppp/8/8/8/7N/PPPPPPPP/RNBQKB1R b KQkq - 1 1
2026-02-22 16:19:01,53,1,rnbqkbnr/pppppppp/8/8/8/7P/PPPPPPP1/RNBQKBNR b KQkq - 0 1,illegal uci: 'e2e4' in rnbqkbnr/pppppppp/8/8/8/7P/PPPPPPP1/RNBQKBNR b KQkq - 0 1
2026-02-22 16:19:02,54,1,rnbqkbnr/pppppppp/8/8/8/1P6/P1PPPPPP/RNBQKBNR b KQkq - 0 1,illegal uci: 'e2e4' in rnbqkbnr/pppppppp/8/8/8/1P6/P1PPPPPP/RNBQKBNR b KQkq - 0 1
2026-02-22 16:19:03,55,1,rnbqkbnr/pppppppp/8/8/6P1/8/PPPPPP1P/RNBQKBNR b KQkq - 0 1,illegal uci: 'e2e4' in rnbqkbnr/pppppppp/8/8/6P1/8/PPPPPP1P/RNBQKBNR b KQkq - 0 1
2026-02-22 16:19:05,56,1,rnbqkbnr/pppppppp/8/8/8/4P3/PPPP1PPP/RNBQKBNR b KQkq - 0 1,illegal uci: 'e2e4' in rnbqkbnr/pppppppp/8/8/8/4P3/PPPP1PPP/RNBQKBNR b KQkq - 0 1
2026-02-22 16:19:06,57,1,rnbqkbnr/pppppppp/8/8/1P6/8/P1PPPPPP/RNBQKBNR b KQkq - 0 1,illegal uci: 'e2e4' in rnbqkbnr/pppppppp/8/8/1P6/8/P1PPPPPP/RNBQKBNR b KQkq - 0 1
2026-02-22 16:19:07,58,1,rnbqkbnr/pppppppp/8/8/8/4P3/PPPP1PPP/RNBQKBNR b KQkq - 0 1,illegal uci: 'e2e4' in rnbqkbnr/pppppppp/8/8/8/4P3/PPPP1PPP/RNBQKBNR b KQkq - 0 1
2026-02-22 16:19:08,59,1,rnbqkbnr/pppppppp/8/8/8/N7/PPPPPPPP/R1BQKBNR b KQkq - 1 1,illegal uci: 'e2e4' in rnbqkbnr/pppppppp/8/8/8/N7/PPPPPPPP/R1BQKBNR b KQkq - 1 1
2026-02-22 16:19:09,60,1,rnbqkbnr/pppppppp/8/8/8/3P4/PPP1PPPP/RNBQKBNR b KQkq - 0 1,illegal uci: 'e2e4' in rnbqkbnr/pppppppp/8/8/8/3P4/PPP1PPPP/RNBQKBNR b KQkq - 0 1
2026-02-22 16:19:10,61,1,rnbqkbnr/pppppppp/8/8/P7/8/1PPPPPPP/RNBQKBNR b KQkq - 0 1,illegal uci: 'e2e4' in rnbqkbnr/pppppppp/8/8/P7/8/1PPPPPPP/RNBQKBNR b KQkq - 0 1
2026-02-22 16:19:11,62,1,rnbqkbnr/pppppppp/8/8/8/2N5/PPPPPPPP/R1BQKBNR b KQkq - 1 1,illegal uci: 'e2e4' in rnbqkbnr/pppppppp/8/8/8/2N5/PPPPPPPP/R1BQKBNR b KQkq - 1 1
2026-02-22 16:19:12,63,1,rnbqkbnr/pppppppp/8/8/5P2/8/PPPPP1PP/RNBQKBNR b KQkq - 0 1,illegal uci: 'e2e4' in rnbqkbnr/pppppppp/8/8/5P2/8/PPPPP1PP/RNBQKBNR b KQkq - 0 1
2026-02-22 16:19:13,64,1,rnbqkbnr/pppppppp/8/8/8/P7/1PPPPPPP/RNBQKBNR b KQkq - 0 1,illegal uci: 'e2e4' in rnbqkbnr/pppppppp/8/8/8/P7/1PPPPPPP/RNBQKBNR b KQkq - 0 1
2026-02-22 16:19:15,65,1,rnbqkbnr/pppppppp/8/8/8/2P5/PP1PPPPP/RNBQKBNR b KQkq - 0 1,illegal uci: 'e2e4' in rnbqkbnr/pppppppp/8/8/8/2P5/PP1PPPPP/RNBQKBNR b KQkq - 0 1
2026-02-22 16:19:16,66,1,rnbqkbnr/pppppppp/8/8/P7/8/1PPPPPPP/RNBQKBNR b KQkq - 0 1,illegal uci: 'e2e4' in rnbqkbnr/pppppppp/8/8/P7/8/1PPPPPPP/RNBQKBNR b KQkq - 0 1
2026-02-22 16:19:17,67,1,rnbqkbnr/pppppppp/8/8/6P1/8/PPPPPP1P/RNBQKBNR b KQkq - 0 1,illegal uci: 'e2e4' in rnbqkbnr/pppppppp/8/8/6P1/8/PPPPPP1P/RNBQKBNR b KQkq - 0 1
2026-02-22 16:19:18,68,1,rnbqkbnr/pppppppp/8/8/8/4P3/PPPP1PPP/RNBQKBNR b KQkq - 0 1,illegal uci: 'e2e4' in rnbqkbnr/pppppppp/8/8/8/4P3/PPPP1PPP/RNBQKBNR b KQkq - 0 1
2026-02-22 16:19:19,69,1,rnbqkbnr/pppppppp/8/8/P7/8/1PPPPPPP/RNBQKBNR b KQkq - 0 1,illegal uci: 'e2e4' in rnbqkbnr/pppppppp/8/8/P7/8/1PPPPPPP/RNBQKBNR b KQkq - 0 1
2026-02-22 16:26:49,1,1,rnbqkbnr/pppppppp/8/8/6P1/8/PPPPPP1P/RNBQKBNR b KQkq - 0 1,illegal uci: 'e2e4' in rnbqkbnr/pppppppp/8/8/6P1/8/PPPPPP1P/RNBQKBNR b KQkq - 0 1
2026-02-22 16:27:00,2,1,rnbqkbnr/pppppppp/8/8/8/P7/1PPPPPPP/RNBQKBNR b KQkq - 0 1,illegal uci: 'e2e4' in rnbqkbnr/pppppppp/8/8/8/P7/1PPPPPPP/RNBQKBNR b KQkq - 0 1
2026-02-22 16:27:14,3,2,rnbqkbnr/ppp1pppp/3p4/1N6/8/8/PPPPPPPP/R1BQKBNR b KQkq - 1 2,illegal uci: 'e2e4' in rnbqkbnr/ppp1pppp/3p4/1N6/8/8/PPPPPPPP/R1BQKBNR b KQkq - 1 2
2026-02-22 16:27:26,4,2,rnbqkbnr/ppp1pppp/8/3N4/8/8/PPPPPPPP/R1BQKBNR b KQkq - 0 2,illegal uci: 'e2e4' in rnbqkbnr/ppp1pppp/8/3N4/8/8/PPPPPPPP/R1BQKBNR b KQkq - 0 2
2026-02-22 16:27:32,5,1,rnbqkbnr/pppppppp/8/8/5P2/8/PPPPP1PP/RNBQKBNR b KQkq - 0 1,illegal uci: 'e2e4' in rnbqkbnr/pppppppp/8/8/5P2/8/PPPPP1PP/RNBQKBNR b KQkq - 0 1
2026-02-22 16:27:38,6,1,rnbqkbnr/pppppppp/8/8/6P1/8/PPPPPP1P/RNBQKBNR b KQkq - 0 1,illegal uci: 'e2e4' in rnbqkbnr/pppppppp/8/8/6P1/8/PPPPPP1P/RNBQKBNR b KQkq - 0 1
2026-02-22 16:27:44,7,1,rnbqkbnr/pppppppp/8/8/8/1P6/P1PPPPPP/RNBQKBNR b KQkq - 0 1,illegal uci: 'e2e4' in rnbqkbnr/pppppppp/8/8/8/1P6/P1PPPPPP/RNBQKBNR b KQkq - 0 1
2026-02-22 16:27:51,8,1,rnbqkbnr/pppppppp/8/8/7P/8/PPPPPPP1/RNBQKBNR b KQkq - 0 1,illegal uci: 'e2e4' in rnbqkbnr/pppppppp/8/8/7P/8/PPPPPPP1/RNBQKBNR b KQkq - 0 1
2026-02-22 16:27:57,9,1,rnbqkbnr/pppppppp/8/8/1P6/8/P1PPPPPP/RNBQKBNR b KQkq - 0 1,illegal uci: 'e2e4' in rnbqkbnr/pppppppp/8/8/1P6/8/P1PPPPPP/RNBQKBNR b KQkq - 0 1
2026-02-22 16:28:09,10,2,rnbqkbnr/ppp1pppp/8/3p4/8/4P3/PPPPKPPP/RNBQ1BNR b kq - 1 2,illegal uci: 'e2e4' in rnbqkbnr/ppp1pppp/8/3p4/8/4P3/PPPPKPPP/RNBQ1BNR b kq - 1 2
2026-02-22 16:28:27,11,3,rnbqkbnr/ppp1pppp/8/3p4/4PP2/P7/1PPP2PP/RNBQKBNR b KQkq - 0 3,illegal uci: 'e2e4' in rnbqkbnr/ppp1pppp/8/3p4/4PP2/P7/1PPP2PP/RNBQKBNR b KQkq - 0 3
2026-02-22 16:28:40,12,2,rnbqkbnr/ppp1pppp/8/3p3P/8/8/PPPPPPP1/RNBQKBNR b KQkq - 0 2,illegal uci: 'e2e4' in rnbqkbnr/ppp1pppp/8/3p3P/8/8/PPPPPPP1/RNBQKBNR b KQkq - 0 2
2026-02-22 16:28:46,13,1,rnbqkbnr/pppppppp/8/8/8/6P1/PPPPPP1P/RNBQKBNR b KQkq - 0 1,illegal uci: 'e2e4' in rnbqkbnr/pppppppp/8/8/8/6P1/PPPPPP1P/RNBQKBNR b KQkq - 0 1
2026-02-22 16:28:58,14,2,rnbqkbnr/ppp1pppp/8/3p4/8/4P2N/PPPP1PPP/RNBQKB1R b KQkq - 1 2,illegal uci: 'e2e4' in rnbqkbnr/ppp1pppp/8/3p4/8/4P2N/PPPP1PPP/RNBQKB1R b KQkq - 1 2
2026-02-22 16:29:10,15,2,rnbqkbnr/ppp1pppp/3p4/8/3P4/5N2/PPP1PPPP/RNBQKB1R b KQkq - 0 2,illegal uci: 'e2e4' in rnbqkbnr/ppp1pppp/3p4/8/3P4/5N2/PPP1PPPP/RNBQKB1R b KQkq - 0 2
2026-02-22 16:29:17,16,1,rnbqkbnr/pppppppp/8/8/4P3/8/PPPP1PPP/RNBQKBNR b KQkq - 0 1,illegal uci: 'e2e4' in rnbqkbnr/pppppppp/8/8/4P3/8/PPPP1PPP/RNBQKBNR b KQkq - 0 1
2026-02-22 16:29:23,17,1,rnbqkbnr/pppppppp/8/8/2P5/8/PP1PPPPP/RNBQKBNR b KQkq - 0 1,illegal uci: 'e2e4' in rnbqkbnr/pppppppp/8/8/2P5/8/PP1PPPPP/RNBQKBNR b KQkq - 0 1
2026-02-22 16:29:25,18,1,rnbqkbnr/pppppppp/8/8/2P5/8/PP1PPPPP/RNBQKBNR b KQkq - 0 1,illegal uci: 'e2e4' in rnbqkbnr/pppppppp/8/8/2P5/8/PP1PPPPP/RNBQKBNR b KQkq - 0 1
2026-02-22 16:29:31,19,1,rnbqkbnr/pppppppp/8/8/3P4/8/PPP1PPPP/RNBQKBNR b KQkq - 0 1,illegal uci: 'e2e4' in rnbqkbnr/pppppppp/8/8/3P4/8/PPP1PPPP/RNBQKBNR b KQkq - 0 1
2026-02-22 16:29:42,20,2,rnbqkbnr/ppp1pppp/8/3p4/8/N6N/PPPPPPPP/R1BQKB1R b KQkq - 1 2,illegal uci: 'e2e4' in rnbqkbnr/ppp1pppp/8/3p4/8/N6N/PPPPPPPP/R1BQKB1R b KQkq - 1 2
2026-02-22 16:29:54,21,2,rnbqkbnr/ppp1pppp/8/3p4/8/P6N/1PPPPPPP/RNBQKB1R b KQkq - 1 2,illegal uci: 'e2e4' in rnbqkbnr/ppp1pppp/8/3p4/8/P6N/1PPPPPPP/RNBQKB1R b KQkq - 1 2
2026-02-22 16:30:06,22,2,rnbqkbnr/ppp1pppp/8/3p4/3P4/1P6/P1P1PPPP/RNBQKBNR b KQkq - 0 2,illegal uci: 'e2e4' in rnbqkbnr/ppp1pppp/8/3p4/3P4/1P6/P1P1PPPP/RNBQKBNR b KQkq - 0 2
2026-02-22 16:30:19,23,2,rnbqkbnr/ppp1pppp/8/3p4/8/N4N2/PPPPPPPP/R1BQKB1R b KQkq - 1 2,illegal uci: 'e2e4' in rnbqkbnr/ppp1pppp/8/3p4/8/N4N2/PPPPPPPP/R1BQKB1R b KQkq - 1 2
2026-02-22 16:30:31,24,2,rnbqkbnr/ppp1pppp/3p4/8/7P/4P3/PPPP1PP1/RNBQKBNR b KQkq - 0 2,illegal uci: 'e2e4' in rnbqkbnr/ppp1pppp/3p4/8/7P/4P3/PPPP1PP1/RNBQKBNR b KQkq - 0 2
2026-02-22 16:30:50,25,3,rnbqkbnr/ppp1pNpp/8/8/3p4/8/PPPPPPPP/RNBQKB1R b KQkq - 0 3,illegal uci: 'e2e4' in rnbqkbnr/ppp1pNpp/8/8/3p4/8/PPPPPPPP/RNBQKB1R b KQkq - 0 3
2026-02-22 16:31:03,26,2,rnbqkbnr/ppp1pppp/3p4/8/4P3/5Q2/PPPP1PPP/RNB1KBNR b KQkq - 1 2,illegal uci: 'e2e4' in rnbqkbnr/ppp1pppp/3p4/8/4P3/5Q2/PPPP1PPP/RNB1KBNR b KQkq - 1 2
2026-02-22 16:31:16,27,2,rnbqkbnr/ppp1pppp/8/3p4/8/7P/PPPPPPPR/RNBQKBN1 b Qkq - 1 2,illegal uci: 'e2e4' in rnbqkbnr/ppp1pppp/8/3p4/8/7P/PPPPPPPR/RNBQKBN1 b Qkq - 1 2
2026-02-22 16:31:29,28,2,rnbqkbnr/ppp1pppp/8/3p4/4P3/2N5/PPPP1PPP/R1BQKBNR b KQkq - 0 2,illegal uci: 'e2e4' in rnbqkbnr/ppp1pppp/8/3p4/4P3/2N5/PPPP1PPP/R1BQKBNR b KQkq - 0 2
2026-02-22 16:31:36,29,1,rnbqkbnr/pppppppp/8/8/8/2N5/PPPPPPPP/R1BQKBNR b KQkq - 1 1,illegal uci: 'e2e4' in rnbqkbnr/pppppppp/8/8/8/2N5/PPPPPPPP/R1BQKBNR b KQkq - 1 1
2026-02-22 16:31:48,30,2,rnbqkbnr/ppp1pppp/3p4/8/8/3P3P/PPP1PPP1/RNBQKBNR b KQkq - 0 2,illegal uci: 'e2e4' in rnbqkbnr/ppp1pppp/3p4/8/8/3P3P/PPP1PPP1/RNBQKBNR b KQkq - 0 2
2026-02-22 16:32:00,31,2,rnbqkbnr/ppp1pppp/8/3p4/1P6/3P4/P1P1PPPP/RNBQKBNR b KQkq - 0 2,illegal uci: 'e2e4' in rnbqkbnr/ppp1pppp/8/3p4/1P6/3P4/P1P1PPPP/RNBQKBNR b KQkq - 0 2
2026-02-22 16:32:06,32,1,rnbqkbnr/pppppppp/8/8/8/2P5/PP1PPPPP/RNBQKBNR b KQkq - 0 1,illegal uci: 'e2e4' in rnbqkbnr/pppppppp/8/8/8/2P5/PP1PPPPP/RNBQKBNR b KQkq - 0 1
2026-02-22 16:32:25,33,3,rnbqkbnr/ppp1pppp/8/3p4/1PP5/7N/P2PPPPP/RNBQKB1R b KQkq - 1 3,illegal uci: 'e2e4' in rnbqkbnr/ppp1pppp/8/3p4/1PP5/7N/P2PPPPP/RNBQKB1R b KQkq - 1 3
2026-02-22 16:32:44,34,3,rnbqkbnr/ppp1pppp/8/3p4/7P/2P2P2/PP1PP1P1/RNBQKBNR b KQkq - 0 3,illegal uci: 'e2e4' in rnbqkbnr/ppp1pppp/8/3p4/7P/2P2P2/PP1PP1P1/RNBQKBNR b KQkq - 0 3
2026-02-22 16:32:56,35,2,rnbqkbnr/ppp1pppp/8/3p4/6PP/8/PPPPPP2/RNBQKBNR b KQkq - 0 2,illegal uci: 'e2e4' in rnbqkbnr/ppp1pppp/8/3p4/6PP/8/PPPPPP2/RNBQKBNR b KQkq - 0 2
2026-02-22 16:33:08,36,2,rnbqkbnr/ppp1pppp/8/3p4/P7/5P2/1PPPP1PP/RNBQKBNR b KQkq - 0 2,illegal uci: 'e2e4' in rnbqkbnr/ppp1pppp/8/3p4/P7/5P2/1PPPP1PP/RNBQKBNR b KQkq - 0 2
2026-02-22 16:33:21,37,2,rnbqkbnr/ppp1pppp/8/3p4/1P6/2N5/P1PPPPPP/R1BQKBNR b KQkq - 0 2,illegal uci: 'e2e4' in rnbqkbnr/ppp1pppp/8/3p4/1P6/2N5/P1PPPPPP/R1BQKBNR b KQkq - 0 2
2026-02-22 16:33:33,38,2,rnbqkbnr/ppp1pppp/8/3p4/8/3P2P1/PPP1PP1P/RNBQKBNR b KQkq - 0 2,illegal uci: 'e2e4' in rnbqkbnr/ppp1pppp/8/3p4/8/3P2P1/PPP1PP1P/RNBQKBNR b KQkq - 0 2
2026-02-22 16:33:45,39,2,rnbqkbnr/ppp1pppp/8/3p4/8/8/PPPPPPPP/RNBQKBNR b KQkq - 1 2,illegal uci: 'e2e4' in rnbqkbnr/ppp1pppp/8/3p4/8/8/PPPPPPPP/RNBQKBNR b KQkq - 1 2
2026-02-22 16:33:57,40,2,rnbqkbnr/ppp1pppp/8/3p4/8/N2P4/PPP1PPPP/R1BQKBNR b KQkq - 0 2,illegal uci: 'e2e4' in rnbqkbnr/ppp1pppp/8/3p4/8/N2P4/PPP1PPPP/R1BQKBNR b KQkq - 0 2
2026-02-22 16:34:10,41,2,rnbqkbnr/ppp1pppp/8/3p4/3P4/4P3/PPP2PPP/RNBQKBNR b KQkq - 0 2,illegal uci: 'e2e4' in rnbqkbnr/ppp1pppp/8/3p4/3P4/4P3/PPP2PPP/RNBQKBNR b KQkq - 0 2
2026-02-22 16:34:22,42,2,rnbqkbnr/ppp1pppp/8/3p4/7P/P7/1PPPPPP1/RNBQKBNR b KQkq - 0 2,illegal uci: 'e2e4' in rnbqkbnr/ppp1pppp/8/3p4/7P/P7/1PPPPPP1/RNBQKBNR b KQkq - 0 2
2026-02-22 16:34:35,43,2,rnbqkbnr/ppp1pppp/8/3p4/4P3/5P2/PPPP2PP/RNBQKBNR b KQkq - 0 2,illegal uci: 'e2e4' in rnbqkbnr/ppp1pppp/8/3p4/4P3/5P2/PPPP2PP/RNBQKBNR b KQkq - 0 2
2026-02-22 16:34:47,44,2,rnbqkbnr/ppp1pppp/8/3p4/8/1P5N/P1PPPPPP/RNBQKB1R b KQkq - 0 2,illegal uci: 'e2e4' in rnbqkbnr/ppp1pppp/8/3p4/8/1P5N/P1PPPPPP/RNBQKB1R b KQkq - 0 2
2026-02-22 16:35:05,45,3,rnbqkbnr/ppp1pppp/8/3p4/5P1P/3P4/PPP1P1P1/RNBQKBNR b KQkq - 0 3,illegal uci: 'e2e4' in rnbqkbnr/ppp1pppp/8/3p4/5P1P/3P4/PPP1P1P1/RNBQKBNR b KQkq - 0 3
2026-02-22 16:35:17,46,2,rnbqkbnr/ppp1pppp/8/3p4/5P2/2N5/PPPPP1PP/R1BQKBNR b KQkq - 0 2,illegal uci: 'e2e4' in rnbqkbnr/ppp1pppp/8/3p4/5P2/2N5/PPPPP1PP/R1BQKBNR b KQkq - 0 2
2026-02-22 16:35:24,47,1,rnbqkbnr/pppppppp/8/8/8/1P6/P1PPPPPP/RNBQKBNR b KQkq - 0 1,illegal uci: 'e2e4' in rnbqkbnr/pppppppp/8/8/8/1P6/P1PPPPPP/RNBQKBNR b KQkq - 0 1
2026-02-22 16:35:41,48,3,rnbqkbnr/ppp1pppp/8/8/1P1pP3/5P2/P1PP2PP/RNBQKBNR b KQkq - 0 3,illegal uci: 'e2e4' in rnbqkbnr/ppp1pppp/8/8/1P1pP3/5P2/P1PP2PP/RNBQKBNR b KQkq - 0 3
2026-02-22 16:35:47,49,1,rnbqkbnr/pppppppp/8/8/8/2N5/PPPPPPPP/R1BQKBNR b KQkq - 1 1,illegal uci: 'e2e4' in rnbqkbnr/pppppppp/8/8/8/2N5/PPPPPPPP/R1BQKBNR b KQkq - 1 1
2026-02-22 16:35:53,50,1,rnbqkbnr/pppppppp/8/8/8/5P2/PPPPP1PP/RNBQKBNR b KQkq - 0 1,illegal uci: 'e2e4' in rnbqkbnr/pppppppp/8/8/8/5P2/PPPPP1PP/RNBQKBNR b KQkq - 0 1
2026-02-22 16:35:59,51,1,rnbqkbnr/pppppppp/8/8/1P6/8/P1PPPPPP/RNBQKBNR b KQkq - 0 1,illegal uci: 'e2e4' in rnbqkbnr/pppppppp/8/8/1P6/8/P1PPPPPP/RNBQKBNR b KQkq - 0 1
2026-02-22 16:36:11,52,2,rnbqkbnr/ppp1pppp/8/3p4/7P/3P4/PPP1PPP1/RNBQKBNR b KQkq - 0 2,illegal uci: 'e2e4' in rnbqkbnr/ppp1pppp/8/3p4/7P/3P4/PPP1PPP1/RNBQKBNR b KQkq - 0 2
2026-02-22 16:36:22,53,1,rnbqkbnr/pppppppp/8/8/1P6/8/P1PPPPPP/RNBQKBNR b KQkq - 0 1,illegal uci: 'e2e4' in rnbqkbnr/pppppppp/8/8/1P6/8/P1PPPPPP/RNBQKBNR b KQkq - 0 1
2026-02-22 16:36:29,54,1,rnbqkbnr/pppppppp/8/8/2P5/8/PP1PPPPP/RNBQKBNR b KQkq - 0 1,illegal uci: 'e2e4' in rnbqkbnr/pppppppp/8/8/2P5/8/PP1PPPPP/RNBQKBNR b KQkq - 0 1
2026-02-22 16:36:42,55,2,rnbqkbnr/ppp1pppp/8/3p4/8/4P1P1/PPPP1P1P/RNBQKBNR b KQkq - 0 2,illegal uci: 'e2e4' in rnbqkbnr/ppp1pppp/8/3p4/8/4P1P1/PPPP1P1P/RNBQKBNR b KQkq - 0 2
2026-02-22 16:36:53,56,1,rnbqkbnr/pppppppp/8/8/4P3/8/PPPP1PPP/RNBQKBNR b KQkq - 0 1,illegal uci: 'e2e4' in rnbqkbnr/pppppppp/8/8/4P3/8/PPPP1PPP/RNBQKBNR b KQkq - 0 1
2026-02-22 16:37:04,57,2,rnbqkbnr/ppp1pppp/8/3p4/P7/8/RPPPPPPP/1NBQKBNR b Kkq - 1 2,illegal uci: 'e2e4' in rnbqkbnr/ppp1pppp/8/3p4/P7/8/RPPPPPPP/1NBQKBNR b Kkq - 1 2
2026-02-22 16:37:17,58,2,rnbqkbnr/ppp1pppp/8/3p4/8/P4P2/1PPPP1PP/RNBQKBNR b KQkq - 0 2,illegal uci: 'e2e4' in rnbqkbnr/ppp1pppp/8/3p4/8/P4P2/1PPPP1PP/RNBQKBNR b KQkq - 0 2
2026-02-22 16:37:29,59,2,rnbqkbnr/ppp1pppp/8/3p4/1P6/2P5/P2PPPPP/RNBQKBNR b KQkq - 0 2,illegal uci: 'e2e4' in rnbqkbnr/ppp1pppp/8/3p4/1P6/2P5/P2PPPPP/RNBQKBNR b KQkq - 0 2
2026-02-22 16:37:41,60,2,rnbqkbnr/ppp1pppp/3p4/8/4P3/5N2/PPPP1PPP/RNBQKB1R b KQkq - 0 2,illegal uci: 'e2e4' in rnbqkbnr/ppp1pppp/3p4/8/4P3/5N2/PPPP1PPP/RNBQKB1R b KQkq - 0 2
2026-02-22 16:37:48,61,1,rnbqkbnr/pppppppp/8/8/8/5P2/PPPPP1PP/RNBQKBNR b KQkq - 0 1,illegal uci: 'e2e4' in rnbqkbnr/pppppppp/8/8/8/5P2/PPPPP1PP/RNBQKBNR b KQkq - 0 1
2026-02-22 16:38:00,62,2,rnbqkbnr/ppp1pppp/8/3p4/8/2N2N2/PPPPPPPP/R1BQKB1R b KQkq - 1 2,illegal uci: 'e2e4' in rnbqkbnr/ppp1pppp/8/3p4/8/2N2N2/PPPPPPPP/R1BQKB1R b KQkq - 1 2
2026-02-22 16:38:06,63,1,rnbqkbnr/pppppppp/8/8/8/6P1/PPPPPP1P/RNBQKBNR b KQkq - 0 1,illegal uci: 'e2e4' in rnbqkbnr/pppppppp/8/8/8/6P1/PPPPPP1P/RNBQKBNR b KQkq - 0 1
2026-02-22 17:55:58,1,1,rnbqkbnr/pppppppp/8/8/8/P7/1PPPPPPP/RNBQKBNR b KQkq - 0 1,illegal uci: 'e2e4' in rnbqkbnr/pppppppp/8/8/8/P7/1PPPPPPP/RNBQKBNR b KQkq - 0 1
2026-02-22 17:56:09,2,1,rnbqkbnr/pppppppp/8/8/8/2N5/PPPPPPPP/R1BQKBNR b KQkq - 1 1,illegal uci: 'e2e4' in rnbqkbnr/pppppppp/8/8/8/2N5/PPPPPPPP/R1BQKBNR b KQkq - 1 1
2026-02-24 22:49:50,1,1,rnbqkbnr/pppppppp/8/8/8/N7/PPPPPPPP/R1BQKBNR b KQkq - 1 1,illegal uci: 'e2e4' in rnbqkbnr/pppppppp/8/8/8/N7/PPPPPPPP/R1BQKBNR b KQkq - 1 1
2026-02-24 22:49:52,2,1,rnbqkbnr/pppppppp/8/8/P7/8/1PPPPPPP/RNBQKBNR b KQkq - 0 1,illegal uci: 'e2e4' in rnbqkbnr/pppppppp/8/8/P7/8/1PPPPPPP/RNBQKBNR b KQkq - 0 1
2026-02-24 22:49:53,3,1,rnbqkbnr/pppppppp/8/8/8/2N5/PPPPPPPP/R1BQKBNR b KQkq - 1 1,illegal uci: 'e2e4' in rnbqkbnr/pppppppp/8/8/8/2N5/PPPPPPPP/R1BQKBNR b KQkq - 1 1
2026-02-24 22:49:54,4,1,rnbqkbnr/pppppppp/8/8/8/7P/PPPPPPP1/RNBQKBNR b KQkq - 0 1,illegal uci: 'e2e4' in rnbqkbnr/pppppppp/8/8/8/7P/PPPPPPP1/RNBQKBNR b KQkq - 0 1
2026-02-24 22:49:55,5,1,rnbqkbnr/pppppppp/8/8/4P3/8/PPPP1PPP/RNBQKBNR b KQkq - 0 1,illegal uci: 'e2e4' in rnbqkbnr/pppppppp/8/8/4P3/8/PPPP1PPP/RNBQKBNR b KQkq - 0 1
2026-02-24 22:49:56,6,1,rnbqkbnr/pppppppp/8/8/6P1/8/PPPPPP1P/RNBQKBNR b KQkq - 0 1,illegal uci: 'e2e4' in rnbqkbnr/pppppppp/8/8/6P1/8/PPPPPP1P/RNBQKBNR b KQkq - 0 1
2026-02-24 22:49:57,7,1,rnbqkbnr/pppppppp/8/8/1P6/8/P1PPPPPP/RNBQKBNR b KQkq - 0 1,illegal uci: 'e2e4' in rnbqkbnr/pppppppp/8/8/1P6/8/P1PPPPPP/RNBQKBNR b KQkq - 0 1
2026-02-24 22:49:58,8,1,rnbqkbnr/pppppppp/8/8/7P/8/PPPPPPP1/RNBQKBNR b KQkq - 0 1,illegal uci: 'e2e4' in rnbqkbnr/pppppppp/8/8/7P/8/PPPPPPP1/RNBQKBNR b KQkq - 0 1
2026-02-24 22:49:59,9,1,rnbqkbnr/pppppppp/8/8/1P6/8/P1PPPPPP/RNBQKBNR b KQkq - 0 1,illegal uci: 'e2e4' in rnbqkbnr/pppppppp/8/8/1P6/8/P1PPPPPP/RNBQKBNR b KQkq - 0 1
2026-02-24 22:52:26,1,1,rnbqkbnr/pppppppp/8/8/3P4/8/PPP1PPPP/RNBQKBNR b KQkq - 0 1,illegal uci: 'e2e4' in rnbqkbnr/pppppppp/8/8/3P4/8/PPP1PPPP/RNBQKBNR b KQkq - 0 1
2026-02-24 22:52:37,2,1,rnbqkbnr/pppppppp/8/8/6P1/8/PPPPPP1P/RNBQKBNR b KQkq - 0 1,illegal uci: 'e2e4' in rnbqkbnr/pppppppp/8/8/6P1/8/PPPPPP1P/RNBQKBNR b KQkq - 0 1
2026-02-24 23:18:30,1,16,rn1qkbn1/4pp2/2p1b3/4B2p/1p1pP3/3P4/P1Q2PPP/RNN1KB1R b KQq - 1 16,illegal uci: 'e2e4' in rn1qkbn1/4pp2/2p1b3/4B2p/1p1pP3/3P4/P1Q2PPP/RNN1KB1R b KQq - 1 16
2026-02-24 23:25:31,2,25,rn1qkbnr/8/5ppp/1b1p4/2ppp1P1/8/P2BPP1P/Q1R1KBNR b Kkq - 4 25,illegal uci: 'e2e4' in rn1qkbnr/8/5ppp/1b1p4/2ppp1P1/8/P2BPP1P/Q1R1KBNR b Kkq - 4 25
2026-02-24 23:36:06,3,34,rn1qkbnr/8/7P/5pP1/3p4/5bK1/2pP3N/q1q2B1R b kq - 1 34,illegal uci: 'e2e4' in rn1qkbnr/8/7P/5pP1/3p4/5bK1/2pP3N/q1q2B1R b kq - 1 34
2026-02-24 23:52:14,4,48,3qk1nr/5r2/2n2P2/2b2P2/8/1K6/6b1/q5q1 b k - 2 48,illegal uci: 'e2e4' in 3qk1nr/5r2/2n2P2/2b2P2/8/1K6/6b1/q5q1 b k - 2 48
2026-02-24 23:54:23,5,9,rnbqkbnr/pp2pppp/8/4N3/6PP/Pp3P2/R2PP3/1NBK1B1R b kq - 0 9,illegal uci: 'e2e4' in rnbqkbnr/pp2pppp/8/4N3/6PP/Pp3P2/R2PP3/1NBK1B1R b kq - 0 9
